{"accuracy": 0.7402597402597403, "precision": 0.6590909090909091, "recall": 0.5370370370370371, "f1": 0.5918367346938775, "roc_auc": 0.8166666666666667, "confusion_matrix": [[85, 15], [25, 29]], "train_accuracy": 0.8387622149837134}